id;name
1000002;Адыгейск
83;Майкоп
46;Горно-Алтайск
1312;Алейск
25;Барнаул
1396;Белокуриха
27;Бийск
1122529;Горняк
324;Заринск
14454;Змеиногорск
3238;Камень-на-Оби
2367;Новоалтайск
424;Рубцовск
18180;Славгород
1101;Яровое
1220;Белогорск
30;Благовещенск
1193;Завитинск
838;Зея
2618;Райчихинск
22295;Свободный
2890;Сковородино
2023;Тында
18759;Циолковский (Углегорск)
6864;Шимановск
22;Архангельск
12269;Вельск
9664;Каргополь
210;Коряжма
266;Котлас
6947;Мезень
3621;Мирный
338;Новодвинск
3644;Няндома
2365;Онега
11;Северодвинск
3233;Сольвычегодск
8542;Шенкурск
23;Астрахань
1634;Ахтубинск
1259;Знаменск
16229;Камызяк
1004461;Нариманов
3634;Харабали
6294;Агидель
5048;Баймак
1167;Белебей
524;Белорецк
29;Бирск
14210;Давлеканово
1660;Дюртюли
360;Ишимбай
1245;Кумертау
1415;Межгорье
2093;Мелеуз
243;Нефтекамск
9196;Октябрьский
264;Салават
1767;Сибай
135;Стерлитамак
21244;Туймазы
151;Уфа
11442;Учалы
8139;Янаул
1009407;Алексеевка
26;Белгород
13664;Бирюч (Красногвардейское)
3209;Валуйки
1009914;Грайворон
1009964;Губкин
7096;Короча
20950;Новый Уренгой
274;Старый Оскол
6123;Строитель
5252;Шебекино
33;Брянск
9869;Дятьково
6154;Жуковка
1011858;Злынка
10406;Карачев
14071;Клинцы
7552;Мглин
13629;Новозыбков
2732;Почеп
19933;Севск
1011302;Сельцо (деревня)
1137;Стародуб
3185;Сураж
6157;Трубчевск
716;Унеча
6924;Фокино
1124431;Бабушкин
993;Гусиноозерск
4299;Закаменск
3232;Кяхта
1746;Северобайкальск
148;Улан-Удэ
398;Александров
39;Владимир
1232;Вязники
1125366;Гороховец
14067;Камешково
9281;Карабаново
3393;Киржач
68;Ковров
4834;Кольчугино
15893;Костерево
15434;Курлово
8238;Лакинск
4991;Меленки
807;Муром
1275;Петушки
6464;Покров / Орджоникидзе
1426;Радужный
2544;Собинка
1125042;Струнино
20231;Судогда
1284;Суздаль
5833;Юрьев-Польский
10;Волгоград
40;Волжский
17886;Дубовка
6911;Жирновск
1759;Калач-на-Дону
542;Камышин
1811;Котельниково
1014618;Котово
1052841;Краснослободск
1809;Ленинск-Кузнецкий
7458;Михайловка
1956;Николаевск-на-Амуре
8528;Новоаннинский
1015163;Палласовка
19893;Петров Вал
1015315;Серафимович
17454;Суровикино
785;Урюпинск
1015651;Фролово
1015722;Бабаево
2553;Белозерск
35;Великий Новгород
41;Вологда
1839;Вытегра
13360;Грязовец
1021084;Кадников
5667;Кириллов
4931;Красавино
2142;Никольск
12923;Сокол
13361;Тотьма
2070;Устюжна
2581;Харовск
8;Череповец
17200;Бобров
322;Богучар
505;Борисоглебск
9292;Бутурлиновка
42;Воронеж
4892;Калач
502;Лиски
18239;Нововоронеж
4241;Новохоперск
7371;Острогожск
17057;Павловск
3995;Поворино
1707;Россошь
16503;Семилуки
17206;Эртиль
2886;Буйнакск
10876;Дагестанские Огни
171;Дербент
1075;Избербаш
3102;Каспийск
2454;Кизилюрт
18300;Кизляр
85;Махачкала
1185;Хасавюрт
1027296;Южно-Сухокумск
28;Биробиджан
20361;Облучье
3474;Балей
4658;Борзя
1962;Краснокаменск
12262;Могоча
4267;Нерчинск
9685;Сретенск
11120;Хилок
161;Чита
6047;Шилка
3732;Вичуга
1116469;Гаврилов-Ям
3821;Заволжск
55;Иваново
3880;Кинешма
70;Комсомольск-на-Амуре
18253;Кохма
12680;Наволоки
1029177;Плёс
1029187;Приволжск
18637;Пучеж
2862;Родники
5586;Тейково
8521;Фурманов
165;Шуя
4993;Южа
5818;Юрьевец
4315;Карабулак
7379;Магас
7553;Малгобек
89;Назрань
14652;Сунжа (Орджоникидзевская)
1128336;Алзамай
19;Ангарск
2708;Байкальск
2086;Бирюсинск
6781;Бодайбо
32;Братск
5141;Вихоревка
2716;Зима
57;Иркутск
5301;Киренск
1096;Нижнеудинск
1263;Саянск
5077;Свирск
850;Слюдянка
6222;Тайшет
4523;Тулун
1036;Усть-Илимск
2829;Усть-Кут
8267;Черемхово
2877;Шелехов
2852;Баксан
957;Майский
90;Нальчик
2686;Нарткала
2444;Прохладный
3029;Терек
12031;Тырныауз
3871;Чегем
1030635;Багратионовск
293;Балтийск
6379;Гвардейск
1178;Гурьевск
1777;Гусев
2849;Зеленоградск
61;Калининград
2194;Краснознаменск
3181;Ладушкин
16118;Мамоново
5994;Неман
8685;Нестеров
941;Озерск
6198;Пионерский
8398;Полесск
5884;Правдинск
11601;Приморск
2262;Светлогорск
14374;Светлый
8943;Славск
5099;Советск
12945;Черняховск
1031804;Городовиковск
355;Лагань
166;Элиста
1032327;Балабаново
1032799;Белоусово
3548;Боровск
1032359;Ермолино
1032711;Жиздра
1301;Жуков
62;Калуга
66;Киров
18091;Козельск
1604;Кондрово
1359;Кремёнки
2417;Людиново
718;Малоярославец
10528;Медынь
17488;Мещовск
4295;Мосальск
103;Обнинск
1399;Сосенский
16538;Спас-Деменск
5985;Сухиничи
1549;Таруса
6493;Юхнов
4433;Вилючинск
889;Елизово
63;Карачаевск
1035412;Верхняя Теберда
5238;Усть-Джегута
159;Черкесск
726;Беломорск
846;Кемь
1086;Кондопога
472;Костомукша
1066;Лахденпохья
2974;Медвежьегорск
2217;Олонец
112;Петрозаводск
202;Питкяранта
1041;Пудож
1488;Сегежа
891;Сортавала
1974;Суоярви
9115;Анжеро-Судженск
994;Белово
2236;Березовский
18746;Калтан
64;Кемерово
5915;Киселевск
5955;Мариинск
1129456;Междуреченск
3248;Мыски
97;Новокузнецк
2771;Осинники
4655;Полысаево
468;Прокопьевск
18872;Салаир
9449;Тайга
496;Таштагол
3244;Топки
258;Юрга
2334;Белая Церковь
13307;Вятские Поляны
1130950;Зуевка
346;Кирово-Чепецк
8741;Кирс
2999;Котельнич
12496;Луза
1132142;Малмыж
10786;Мураши
16540;Нолинск
3667;Омутнинск
1132930;Орлов
6429;Слободской
1508286;Сосновка
6482;Уржум
3965;Яранск
190;Воркута
2943;Вуктыл
5828;Емва
255;Инта
1520;Микунь
589;Печора
1060;Сосногорск
138;Сыктывкар
21713;Усинск
152;Ухта
2760;Буй
16729;Волгореченск
18445;Галич
1038423;Кологрив
71;Кострома
17096;Макарьев
2859;Мантурово
5487;Нерехта
5115;Нея
1083;Солигалич
14771;Чухлома
1043;Шарья
1115;Абинск
354;Анапа
1394;Апшеронск
21;Армавир
2163;Белореченск
44;Геленджик
6875;Горячий Ключ
2895;Гулькевичи
788;Ейск
624;Кореновск
72;Краснодар
2066;Кропоткин
288;Крымск
5315;Курганинск
2747;Лабинск
1812;Новокубанск
98;Новороссийск
129;Славянск-на-Кубани
133;Сочи
2486;Темрюк
2322;Тимашевск
1186;Тихорецк
1151;Туапсе
3229;Усть-Лабинск
4670;Хадыженск
1502742;Бахмут / Артемовск
882;Ачинск
11881;Боготол
17571;Бородино
641;Дивногорск
213;Дудинка
2152;Енисейск
4644;Железногорск
4574;Заозерный
260;Зеленогорск
1683;Игарка
18022;Иланский
1930;Канск
4538;Кодинск
73;Красноярск
3156;Лесосибирск
3653;Минусинск
2611;Назарово
102;Норильск
261;Сосновоборск
4234;Ужур
1693;Уяр
311;Шарыпово
818;Ялта
2510;Алушта
11243;Армянск
475;Бахчисарай
619;Джанкой
799;Евпатория
478;Керчь
1433;Красноперекопск
4331;Саки
627;Симферополь
7188;Судак
1483;Феодосия
1137324;Далматово
4838;Катайск
74;Курган
12065;Куртамыш
15390;Макушино
6251;Петухово
163;Шадринск
5297;Шумиха
16619;Щучье
15713;Дмитриев
75;Курск
290;Курчатов
2448;Льгов
3824;Обоянь
4216;Рыльск
20671;Суджа
10527;Фатеж
2939;Щигры
1307;Бокситогорск
6799;Волосово
199;Волхов
197;Всеволожск
177;Выборг
4450;Высоцк
1519;Гатчина
1511;Ивангород
1670;Каменногорск
191;Кингисепп
1743;Кириши
4142;Кировск
1530;Коммунар
1046129;Кудрово
503;Лодейное Поле
79;Луга
525;Сланцы
1048255;Сосновый Бор
2508;Сясьстрой
186;Тихвин
20691;Тосно
522;Шлиссельбург
1048685;Грязи
1316;Данков
51;Елец
6980;Задонск
760;Лебедянь
78;Липецк
18779;Усмань
3273;Чаплыгин
81;Магадан
1690;Сусуман
3249;Волжск
10860;Звенигово
59;Йошкар-Ола
3727;Козьмодемьянск
12415;Ардатов
3122;Инсар
6961;Ковылкино
120;Рузаевка
124;Саранск
5803;Темников
4536;Апрелевка
24;Балашиха
5488026;Дмитриевка (Белоозерский с/с)
2118;Бронницы
1056646;Верея
36;Видное
2079;Волоколамск
16975;Высоковск
1037;Голицыно
598;Дедовск
20558;Дзержинский
857;Долгопрудный
1054308;Домодедово
3101;Дрезна
21611;Дубна
910;Егорьевск
53;Жуковский
3263;Зарайск
3910;Звенигород
20404;Ивантеевка
1014;Кашира
69;Коломна
859;Королёв
3787;Котельники
8488;Покровск / Красноармейск
483;Красногорск
2316;Краснозаводск
20306;Кубинка
962;Куровское
2443;Ликино-Дулево
8162;Лобня
1526;Луховицы
801;Лыткарино
80;Люберцы
991;Можайск
312;Мытищи
5489;Озёры
4757;Павловский Посад
2125;Пересвет
270;Подольск
449;Протвино
1057953;Пушкино
115;Пущино
117;Раменское
459;Реутов
2816;Рошаль
4059;Руза
340;Серпухов
352;Солнечногорск
640;Старая Русса
397;Ступино
6485;Талдом
591;Фрязино
155;Химки
11260;Хотьково
530;Черноголовка
872;Чехов
1297;Щелково
1457;Электрогорск
580;Электросталь
3022;Электроугли
1890;Яхрома
175;Апатиты
1062;Гаджиево
7406;Заозерск
4011;Заполярный
326;Кандалакша
1092;Ковдор
5543;Кола
187;Мончегорск
87;Мурманск
240;Оленегорск
687;Островной
376;Полярные Зори
7139;Полярный
172;Североморск
20281;Снежногорск
2487;Нарьян-Мар
20;Арзамас
6111;Балахна
2225;Богородск
1139062;Бор
16900;Ветлуга
13872;Володарск
1803;Ворсма
6923;Выкса
13905;Горбатов
9758;Городец
621;Дзержинск
19296;Заволжье
1594;Княгинино
548;Кстово
1781;Кулебаки
7380;Лукоянов
4310;Лысково
854;Навашино
95;Нижний Новгород
1141697;Павлово
3827;Первомайск
1141821;Перевоз
431;Саров
6225;Семенов
11988;Сергач
13519;Урень
1921403;Чкаловск
1305;Шахунья
353;Боровичи
527;Валдай
2465;Малая Вишера
1171;Окуловка
1063142;Пестово
688;Сольцы
20157;Красный Холм
2181;Чудово
15326;Барабинск
1133;Бердск
11145;Болотное
14876;Искитим
4017;Карасук
1143940;Каргат
707;Куйбышев
7068;Купино
99;Новосибирск
2801;Обь
9761;Татарск
1144826;Тогучин
1344;Черепаново
1921;Чулым
1145365;Исилькуль
5917;Калачинск
1145847;Называевск
104;Омск
7402;Тара
10735;Тюкалинск
5399;Абдулино
830;Бугуруслан
2404;Бузулук
1147196;Гай
4705;Кувандык
5539;Медногорск
708;Новотроицк
106;Оренбург
108;Орск
8043;Соль-Илецк
16725;Сорочинск
1148547;Ясный
3941;Болхов
15490;Дмитровск
4130;Ливны
5987;Малоархангельск
609;Мценск
4312;Новосиль
105;Орёл
13288;Белинский
1513937;Городище
586;Заречный
1529;Каменка
479;Кузнецк
109;Пенза
16746;Сердобск
2228;Спасск-Дальний
9732;Сурск
9035;Александровск
899;Березники
1148884;Верещагино
22009;Горнозаводск
4881;Гремячинск
3992;Губаха
4590;Добрянка
9014;Кизел
1303;Красновишерск
2117;Краснокамск
4410;Кудымкар
5574;Кунгур
10833;Лысьва
2980;Нытва
8763;Оса
1151209;Оханск
1151296;Очер
110;Пермь
132;Соликамск
728;Усолье-Сибирское
156;Чайковский
946;Чердынь
1149440;Чермоз
6582;Чернушка
5459;Чусовой
2435;Арсеньев
1991;Артем
1602;Большой Камень
37;Владивосток
1863;Дальнегорск
7106;Дальнереченск
1818;Лесозаводск
91;Находка
2405;Партизанск
150;Уссурийск
34;Великие Луки
1295;Гдов
20317;Дно
617;Невель
1638;Новоржев
1382;Новосокольники
2267;Опочка
1112;Остров
2116;Печоры
1343;Порхов
114;Псков
5023;Пустошка
9435;Пыталово
9528;Себеж
3425;Азов
5428061;Аксай
4712;Батайск
3700;Волгодонск
642;Гуково
223;Донецк
9519;Зверево
54;Зерноград
11940;Константиновск
3962;Хрустальный / Красный Луч
1677;Миллерово
601;Морозовск
101;Новочеркасск
461;Новошахтинск
1582;Пролетарск
119;Ростов-на-Дону
6541;Сальск
4902;Семикаракорск
139;Таганрог
3978;Цимлянск
164;Шахты
3858;Касимов
3379;Кораблино
11701;Михайлов
196;Новомичуринск
6731;Рыбное
3662;Ряжск
122;Рязань
2525;Сасово
12887;Скопин
1704;Спас-Клепики
1082806;Шацк
3820;Жигулевск
65;Кинель
8515;Нефтегорск
1489;Новокуйбышевск
10205;Октябрьск
18033;Отрадный
14829;Похвистнево
123;Самара
952;Сызрань
143;Тольятти
2040;Чапаевск
3831;Аркадак
9894;Аткарск
9930;Балаково
600;Балашов
2745;Вольск
1084928;Ершов
18075;Калининск
8281;Маркс
6226;Новоузенск
3531;Петровск
5713;Пугачев
1192;Ртищево
125;Саратов
3756;Хвалынск
8681;Шиханы
1469;Энгельс
332;Анива
2145;Долинск
6984;Корсаков
7195;Южно-Курильск
5526;Макаров
5157;Невельск
18171;Оха
853;Поронайск
6498;Северо-Курильск
7395;Томари
1154075;Углегорск
695;Холмск
167;Южно-Сахалинск
9340;Алапаевск
6986;Арамиль
1154279;Артемовский
1135;Асбест
4797;Богданович
7949;Верхний Уфалей
1355;Верхняя Пышма
1154729;Верхотурье
13812;Волчанск
10378;Дегтярск
49;Екатеринбург
2658;Ивдель
1722;Ирбит
20299;Камышлов
3169;Карпинск
604;Качканар
4250;Кировград
3243;Краснотурьинск
2396;Красноуральск
1277;Красноуфимск
1002;Кушва
11671;Лесной
1261;Михайловск
10719;Невьянск
1155360;Нижние Серги
5547;Нижняя Тура
9135;Новая Каховка
100;Новоуральск
2001;Первоуральск
19977;Полевской
22299;Ревда
3877;Реж
385;Североуральск
668;Серов
7861;Среднеуральск
1155828;Сухой Лог
5393;Сысерть
14421;Тавда
1156121;Талица
1156268;Туринск
4791;Алагир
3443;Ардон
2161;Беслан
38;Владикавказ
1086348;Дигора
3755;Моздок
1482;Велиж
3048;Вязьма
833;Гагарин
1087404;Демидов
787;Десногорск
13793;Дорогобуж
4822;Духовщина
7200;Ельня
11551;Починок
967;Рославль
7606;Рудня
13072;Сафоново
130;Смоленск
8659;Сычевка
14859;Ярцево
3408;Благодарный
1449;Буденновск
1174;Георгиевск
52;Ессентуки
669;Железноводск
3681;Зеленокумск
825;Изобильный
3060;Ипатово
67;Кисловодск
2110;Лермонтов
1797;Минеральные Воды
92;Невинномысск
516;Нефтекумск
7763;Новоалександровск
2391;Новопавловск
116;Пятигорск
735;Светлоград
134;Ставрополь
3125;Жердевка
2091;Кирсанов
2897;Подольск / Котовск
21855;Мичуринск
2211;Моршанск
4529;Рассказово
140;Тамбов
1813;Уварово
17611;Агрыз
1496;Азнакаево
18;Альметьевск
12050;Арск
5887;Бавлы
1097067;Болгар
680;Бугульма
9254;Буинск
50;Елабуга
4242;Заинск
545;Зеленодольск
5470540;Иннополис
60;Казань
16054;Кукмор
1096121;Лаишево
1456;Лениногорск
5221;Мамадыш
18065;Менделеевск
3606;Мензелинск
88;Набережные Челны
94;Нижнекамск
11320;Нурлат
920;Тетюши
5103;Чистополь
1077;Андреаполь
1051;Бежецк
1159431;Белый Яр
704;Бологое
2216;Весьегонск
460;Вышний Волочек
4695;Западная Двина
8038;Зубцов
3637;Калязин
20444;Кашин
1769;Кимры
373;Конаково
4021;Кувшиново
4414;Лихославль
3250;Нелидово
1429;Осташков
521;Ржев
1799;Старица
141;Тверь
334;Торжок
2132;Торопец
18703;Удомля
5512;Асино
1156550;Кедровый
1226;Колпашево
126;Северск
1046;Стрежевой
144;Томск
317;Алексин
4556;Белёв
15216;Богородицк
6782;Болохово
17216;Венев
2539;Донской
1545;Ефремов
1288;Кимовск
4425;Киреевск
12864;Липки
964;Новомосковск
15065;Плавск
3488;Суворов
146;Тула
5689;Узловая
1108126;Чекалин
8171;Щекино
3659;Ясногорск
9863;Ак-Довурак
76;Кызыл
1157141;Туран
1157081;Чадан
3731;Шагонар
9730;Заводоуковск
58;Ишим
182;Тобольск
147;Тюмень
6178;Ялуторовск
1100;Воткинск
45;Глазов
56;Ижевск
6363;Камбарка
1966;Можга
501;Сарапул
12428;Барыш
476;Димитровград
4440;Инза
2926;Новоульяновск
3896;Сенгилей
149;Ульяновск
1681;Амурск
1435;Бикин
3041;Вяземский
2446;Советская Гавань
153;Хабаровск
2541;Абаза
17;Абакан
232;Саяногорск
7627;Сорск
1156;Черногорск
763;Белоярский
246;Когалым
12014;Лангепас
1389;Лянтор
294;Мегион
382;Нефтеюганск
93;Нижневартовск
1998;Нягань
1536;Покачи
562;Пыть-Ях
21612;Советский
136;Сургут
15714;Урай
154;Ханты-Мансийск
2292;Югорск
5413;Аша
16669;Бакал
20279;Верхнеуральск
5401;Еманжелинск
794;Златоуст
9597;Карабаш
3260;Карталы
5542;Касли
5076;Катав-Ивановск
5098;Копейск
12126;Коркино
6867;Куса
6050;Кыштым
82;Магнитогорск
7159;Миасс
6556;Миньяр
1113081;Нязепетровск
3034;Пласт
462;Сатка
11234;Сим
131;Снежинск
1253;Трехгорный
145;Троицк
2482;Усть-Катав
3255;Чебаркуль
158;Челябинск
1268;Южноуральск
16289;Юрюзань
1113643;Аргун
160;Грозный
1113721;Гудермес
1113754;Курчалой
5589;Шали
1113989;Алатырь
790;Канаш
16765;Козловка
3405;Мариинский Посад
2451;Новочебоксарск
1235;Цивильск
157;Чебоксары
6037;Шумерля
1885;Ядрин
828;Анадырь
1069;Билибино
1467;Певек
1320;Алдан
1517;Верхоянск
2147;Вилюйск
3437;Ленск
321;Нерюнгри
5160;Нюрба
345;Олекминск
18143;Среднеколымск
227;Томмот
1601;Удачный
168;Якутск
1678;Губкинский
7075;Лабытнанги
15769;Муравленко
283;Надым
403;Ноябрьск
715;Салехард
1183;Тарко-Сале
6547;Данилов
9928;Любим
1117662;Мышкин
9279;Пошехонье
121;Рыбинск
1611;Тутаев
744;Углич
169;Ярославль
1;Москва
2;Санкт-Петербург
